id,x0,x1,x2,x3,x4,x5
"dosimat 12",0,1.006434,-0.000267,0,0,0